Game ID,Timestamp (ms),Ball X,Ball Y,Ball VX,Ball VY,Ball Speed,p1 X,p1 Y,p1 Center,p1 Active,p1 Lives,p1 Distance,p2 X,p2 Y,p2 Center,p2 Active,p2 Lives,p2 Distance
"G1770793595172-240","4004","406.47","299.36","6.4689","-0.6351","6.5010","20.00","250.00","300.00","1","1","0.00","770.00","246.00","296.00","1","1","4.00"
"G1770793595172-240","4104","445.28","295.55","6.4689","-0.6351","6.5073","20.00","250.00","300.00","1","1","0.00","770.00","242.00","292.00","1","1","4.00"
"G1770793595172-240","4204","484.10","291.74","6.4689","-0.6351","6.5135","20.00","250.00","300.00","1","1","0.00","770.00","246.00","296.00","1","1","4.00"
"G1770793595172-240","4304","522.91","287.93","6.4689","-0.6351","6.5198","20.00","250.00","300.00","1","1","0.00","770.00","242.00","292.00","1","1","4.00"
"G1770793595172-240","4420","568.19","283.49","6.4689","-0.6351","6.5271","20.00","250.00","300.00","1","1","0.00","770.00","242.00","292.00","1","1","0.00"
"G1770793595172-240","4521","607.00","279.68","6.4689","-0.6351","6.5334","20.00","250.00","300.00","1","1","0.00","770.00","234.00","284.00","1","1","8.00"
"G1770793595172-240","4636","652.29","275.23","6.4689","-0.6351","6.5407","20.00","264.00","314.00","1","1","14.00","770.00","226.00","276.00","1","1","8.00"
"G1770793595172-240","4737","691.10","271.42","6.4689","-0.6351","6.5470","20.00","292.00","342.00","1","1","28.00","770.00","222.00","272.00","1","1","4.00"
"G1770793595172-240","4861","736.38","266.97","6.4689","-0.6351","6.5543","20.00","292.00","342.00","1","1","0.00","770.00","218.00","268.00","1","1","4.00"
"G1770793595172-240","4971","742.59","262.58","-6.4689","-0.6178","6.8897","20.00","257.00","307.00","1","1","35.00","770.00","214.00","264.00","1","1","4.00"
"G1770793595172-240","5087","697.31","258.26","-6.4689","-0.6178","6.8974","20.00","208.00","258.00","1","1","49.00","770.00","210.00","260.00","1","1","4.00"
"G1770793595172-240","5187","658.50","254.55","-6.4689","-0.6178","6.9041","20.00","166.00","216.00","1","1","42.00","770.00","206.00","256.00","1","1","4.00"
"G1770793595172-240","5304","613.22","250.22","-6.4689","-0.6178","6.9118","20.00","117.00","167.00","1","1","49.00","770.00","206.00","256.00","1","1","0.00"
"G1770793595172-240","5404","574.40","246.52","-6.4689","-0.6178","6.9184","20.00","117.00","167.00","1","1","0.00","770.00","202.00","252.00","1","1","4.00"
"G1770793595172-240","5504","535.59","242.81","-6.4689","-0.6178","6.9251","20.00","117.00","167.00","1","1","0.00","770.00","198.00","248.00","1","1","4.00"
"G1770793595172-240","5619","490.31","238.49","-6.4689","-0.6178","6.9329","20.00","117.00","167.00","1","1","0.00","770.00","190.00","240.00","1","1","8.00"
"G1770793595172-240","5720","451.49","234.78","-6.4689","-0.6178","6.9395","20.00","117.00","167.00","1","1","0.00","770.00","186.00","236.00","1","1","4.00"
"G1770793595172-240","5820","412.68","231.07","-6.4689","-0.6178","6.9462","20.00","117.00","167.00","1","1","0.00","770.00","186.00","236.00","1","1","0.00"
"G1770793595172-240","5921","373.87","227.37","-6.4689","-0.6178","6.9528","20.00","117.00","167.00","1","1","0.00","770.00","174.00","224.00","1","1","12.00"
"G1770793595172-240","6037","328.58","223.04","-6.4689","-0.6178","6.9606","20.00","117.00","167.00","1","1","0.00","770.00","174.00","224.00","1","1","0.00"
"G1770793595172-240","6154","283.30","218.72","-6.4689","-0.6178","6.9684","20.00","117.00","167.00","1","1","0.00","770.00","170.00","220.00","1","1","4.00"
"G1770793595172-240","6254","244.49","215.01","-6.4689","-0.6178","6.9751","20.00","117.00","167.00","1","1","0.00","770.00","170.00","220.00","1","1","0.00"
"G1770793595172-240","6354","205.67","211.30","-6.4689","-0.6178","6.9818","20.00","117.00","167.00","1","1","0.00","770.00","166.00","216.00","1","1","4.00"
"G1770793595172-240","6454","166.86","207.60","-6.4689","-0.6178","6.9885","20.00","117.00","167.00","1","1","0.00","770.00","158.00","208.00","1","1","8.00"
"G1770793595172-240","6571","121.58","203.27","-6.4689","-0.6178","6.9964","20.00","117.00","167.00","1","1","0.00","770.00","158.00","208.00","1","1","0.00"
"G1770793595172-240","6686","76.30","198.95","-6.4689","-0.6178","7.0042","20.00","117.00","167.00","1","1","0.00","770.00","154.00","204.00","1","1","4.00"
"G1770793595172-240","6787","38.00","195.24","6.4689","0.5119","7.3615","20.00","117.00","167.00","1","1","0.00","770.00","154.00","204.00","1","1","0.00"
"G1770793595172-240","6887","76.81","198.31","6.4689","0.5119","7.3685","20.00","117.00","167.00","1","1","0.00","770.00","146.00","196.00","1","1","8.00"
"G1770793595172-240","6987","115.63","201.39","6.4689","0.5119","7.3756","20.00","117.00","167.00","1","1","0.00","770.00","150.00","200.00","1","1","4.00"
"G1770793595172-240","7104","160.91","204.97","6.4689","0.5119","7.3839","20.00","117.00","167.00","1","1","0.00","770.00","150.00","200.00","1","1","0.00"
"G1770793595172-240","7204","199.72","208.04","6.4689","0.5119","7.3910","20.00","117.00","167.00","1","1","0.00","770.00","150.00","200.00","1","1","0.00"
"G1770793595172-240","7320","245.00","211.62","6.4689","0.5119","7.3993","20.00","117.00","167.00","1","1","0.00","770.00","154.00","204.00","1","1","4.00"
"G1770793595172-240","7421","283.82","214.70","6.4689","0.5119","7.4064","20.00","117.00","167.00","1","1","0.00","770.00","158.00","208.00","1","1","4.00"
"G1770793595172-240","7521","322.63","217.77","6.4689","0.5119","7.4135","20.00","117.00","167.00","1","1","0.00","770.00","166.00","216.00","1","1","8.00"
"G1770793595172-240","7637","367.91","221.35","6.4689","0.5119","7.4218","20.00","117.00","167.00","1","1","0.00","770.00","166.00","216.00","1","1","0.00"
"G1770793595172-240","7753","413.20","224.94","6.4689","0.5119","7.4301","20.00","117.00","167.00","1","1","0.00","770.00","178.00","228.00","1","1","12.00"
"G1770793595172-240","7853","452.01","228.01","6.4689","0.5119","7.4372","20.00","138.00","188.00","1","1","21.00","770.00","178.00","228.00","1","1","0.00"
"G1770793595172-240","7954","490.82","231.08","6.4689","0.5119","7.4444","20.00","180.00","230.00","1","1","42.00","770.00","174.00","224.00","1","1","4.00"
"G1770793595172-240","8071","536.11","234.66","6.4689","0.5119","7.4527","20.00","187.00","237.00","1","1","7.00","770.00","182.00","232.00","1","1","8.00"
"G1770793595172-240","8171","574.92","237.73","6.4689","0.5119","7.4599","20.00","194.00","244.00","1","1","7.00","770.00","186.00","236.00","1","1","4.00"
"G1770793595172-240","8271","613.73","240.81","6.4689","0.5119","7.4670","20.00","236.00","286.00","1","1","42.00","770.00","182.00","232.00","1","1","4.00"
"G1770793595172-240","8371","652.55","243.88","6.4689","0.5119","7.4742","20.00","236.00","286.00","1","1","0.00","770.00","194.00","244.00","1","1","12.00"
"G1770793595172-240","8486","697.83","247.46","6.4689","0.5119","7.4826","20.00","236.00","286.00","1","1","0.00","770.00","198.00","248.00","1","1","4.00"
"G1770793595172-240","8587","736.64","250.53","6.4689","0.5119","7.4898","20.00","236.00","286.00","1","1","0.00","770.00","198.00","248.00","1","1","0.00"
"G1770793595172-240","8704","742.59","254.67","-6.4689","0.6951","7.8731","20.00","236.00","286.00","1","1","0.00","770.00","198.00","248.00","1","1","0.00"
"G1770793595172-240","8804","703.78","258.84","-6.4689","0.6951","7.8806","20.00","236.00","286.00","1","1","0.00","770.00","206.00","256.00","1","1","8.00"
"G1770793595172-240","8904","664.97","263.01","-6.4689","0.6951","7.8882","20.00","236.00","286.00","1","1","0.00","770.00","214.00","264.00","1","1","8.00"
"G1770793595172-240","9021","619.68","267.87","-6.4689","0.6951","7.8970","20.00","236.00","286.00","1","1","0.00","770.00","218.00","268.00","1","1","4.00"
"G1770793595172-240","9121","580.87","272.04","-6.4689","0.6951","7.9046","20.00","236.00","286.00","1","1","0.00","770.00","218.00","268.00","1","1","0.00"
"G1770793595172-240","9237","535.59","276.91","-6.4689","0.6951","7.9135","20.00","278.00","328.00","1","1","42.00","770.00","226.00","276.00","1","1","8.00"
"G1770793595172-240","9337","496.78","281.08","-6.4689","0.6951","7.9211","20.00","292.00","342.00","1","1","14.00","770.00","226.00","276.00","1","1","0.00"
"G1770793595172-240","9454","451.49","285.95","-6.4689","0.6951","7.9300","20.00","292.00","342.00","1","1","0.00","770.00","230.00","280.00","1","1","4.00"
"G1770793595172-240","9571","406.21","290.81","-6.4689","0.6951","7.9388","20.00","292.00","342.00","1","1","0.00","770.00","238.00","288.00","1","1","8.00"
"G1770793595172-240","9687","360.93","295.68","-6.4689","0.6951","7.9477","20.00","292.00","342.00","1","1","0.00","770.00","238.00","288.00","1","1","0.00"
"G1770793595172-240","9787","322.12","299.85","-6.4689","0.6951","7.9554","20.00","292.00","342.00","1","1","0.00","770.00","246.00","296.00","1","1","8.00"
"G1770793595172-240","9904","276.83","304.71","-6.4689","0.6951","7.9643","20.00","292.00","342.00","1","1","0.00","770.00","250.00","300.00","1","1","4.00"
"G1770793595172-240","10021","231.55","309.58","-6.4689","0.6951","7.9732","20.00","292.00","342.00","1","1","0.00","770.00","254.00","304.00","1","1","4.00"
"G1770793595172-240","10121","192.74","313.75","-6.4689","0.6951","7.9809","20.00","292.00","342.00","1","1","0.00","770.00","262.00","312.00","1","1","8.00"
"G1770793595172-240","10236","147.45","318.62","-6.4689","0.6951","7.9898","20.00","292.00","342.00","1","1","0.00","770.00","262.00","312.00","1","1","0.00"
"G1770793595172-240","10336","108.64","322.79","-6.4689","0.6951","7.9975","20.00","292.00","342.00","1","1","0.00","770.00","266.00","316.00","1","1","4.00"
"G1770793595172-240","10436","69.83","326.96","-6.4689","0.6951","8.0052","20.00","292.00","342.00","1","1","0.00","770.00","274.00","324.00","1","1","8.00"
"G1770793595172-240","10537","44.47","330.67","6.4689","0.2325","8.4135","20.00","292.00","342.00","1","1","0.00","770.00","282.00","332.00","1","1","8.00"
"G1770793595172-240","10653","89.75","332.29","6.4689","0.2325","8.4229","20.00","292.00","342.00","1","1","0.00","770.00","282.00","332.00","1","1","0.00"
"G1770793595172-240","10754","128.56","333.69","6.4689","0.2325","8.4310","20.00","292.00","342.00","1","1","0.00","770.00","286.00","336.00","1","1","4.00"
"G1770793595172-240","10870","173.85","335.32","6.4689","0.2325","8.4405","20.00","292.00","342.00","1","1","0.00","770.00","290.00","340.00","1","1","4.00"
"G1770793595172-240","10971","212.66","336.71","6.4689","0.2325","8.4486","20.00","292.00","342.00","1","1","0.00","770.00","282.00","332.00","1","1","8.00"
"G1770793595172-240","11071","251.47","338.11","6.4689","0.2325","8.4567","20.00","292.00","342.00","1","1","0.00","770.00","282.00","332.00","1","1","0.00"
"G1770793595172-240","11171","290.29","339.50","6.4689","0.2325","8.4648","20.00","292.00","342.00","1","1","0.00","770.00","290.00","340.00","1","1","8.00"
"G1770793595172-240","11271","329.10","340.90","6.4689","0.2325","8.4729","20.00","292.00","342.00","1","1","0.00","770.00","290.00","340.00","1","1","0.00"
"G1770793595172-240","11386","374.38","342.53","6.4689","0.2325","8.4824","20.00","292.00","342.00","1","1","0.00","770.00","294.00","344.00","1","1","4.00"
"G1770793595172-240","11487","413.20","343.92","6.4689","0.2325","8.4906","20.00","292.00","342.00","1","1","0.00","770.00","294.00","344.00","1","1","0.00"
"G1770793595172-240","11587","452.01","345.32","6.4689","0.2325","8.4987","20.00","292.00","342.00","1","1","0.00","770.00","294.00","344.00","1","1","0.00"
"G1770793595172-240","11703","497.29","346.94","6.4689","0.2325","8.5083","20.00","292.00","342.00","1","1","0.00","770.00","294.00","344.00","1","1","0.00"
"G1770793595172-240","11804","536.11","348.34","6.4689","0.2325","8.5164","20.00","292.00","342.00","1","1","0.00","770.00","298.00","348.00","1","1","4.00"
"G1770793595172-240","11921","581.39","349.97","6.4689","0.2325","8.5260","20.00","292.00","342.00","1","1","0.00","770.00","298.00","348.00","1","1","0.00"
"G1770793595172-240","12038","626.67","351.59","6.4689","0.2325","8.5355","20.00","292.00","342.00","1","1","0.00","770.00","298.00","348.00","1","1","0.00"
"G1770793595172-240","12154","671.95","353.22","6.4689","0.2325","8.5451","20.00","292.00","342.00","1","1","0.00","770.00","302.00","352.00","1","1","4.00"
"G1770793595172-240","12254","710.77","354.62","6.4689","0.2325","8.5533","20.00","292.00","342.00","1","1","0.00","770.00","306.00","356.00","1","1","4.00"
"G1770793595172-240","12371","756.05","356.24","6.4689","0.2325","8.5629","20.00","292.00","342.00","1","1","0.00","770.00","302.00","352.00","1","1","4.00"
"G1770793595172-240","12471","729.66","358.54","-6.4689","0.4116","8.9997","20.00","292.00","342.00","1","1","0.00","770.00","302.00","352.00","1","1","0.00"
"G1770793595172-240","12571","690.84","361.00","-6.4689","0.4116","9.0083","20.00","292.00","342.00","1","1","0.00","770.00","306.00","356.00","1","1","4.00"
"G1770793595172-240","12671","652.03","363.47","-6.4689","0.4116","9.0170","20.00","292.00","342.00","1","1","0.00","770.00","306.00","356.00","1","1","0.00"
"G1770793595172-240","12771","613.22","365.94","-6.4689","0.4116","9.0256","20.00","292.00","342.00","1","1","0.00","770.00","310.00","360.00","1","1","4.00"
"G1770793595172-240","12871","574.40","368.41","-6.4689","0.4116","9.0343","20.00","292.00","342.00","1","1","0.00","770.00","314.00","364.00","1","1","4.00"
"G1770793595172-240","12971","535.59","370.88","-6.4689","0.4116","9.0430","20.00","292.00","342.00","1","1","0.00","770.00","322.00","372.00","1","1","8.00"
"G1770793595172-240","13086","490.31","373.76","-6.4689","0.4116","9.0531","20.00","320.00","370.00","1","1","28.00","770.00","322.00","372.00","1","1","0.00"
"G1770793595172-240","13186","451.49","376.23","-6.4689","0.4116","9.0618","20.00","362.00","412.00","1","1","42.00","770.00","326.00","376.00","1","1","4.00"
"G1770793595172-240","13286","412.68","378.70","-6.4689","0.4116","9.0705","20.00","362.00","412.00","1","1","0.00","770.00","326.00","376.00","1","1","0.00"
"G1770793595172-240","13387","373.87","381.17","-6.4689","0.4116","9.0792","20.00","376.00","426.00","1","1","14.00","770.00","330.00","380.00","1","1","4.00"
"G1770793595172-240","13504","328.58","384.05","-6.4689","0.4116","9.0894","20.00","397.00","447.00","1","1","21.00","770.00","334.00","384.00","1","1","4.00"
"G1770793595172-240","13604","289.77","386.52","-6.4689","0.4116","9.0981","20.00","397.00","447.00","1","1","0.00","770.00","338.00","388.00","1","1","4.00"
"G1770793595172-240","13720","244.49","389.41","-6.4689","0.4116","9.1083","20.00","397.00","447.00","1","1","0.00","770.00","334.00","384.00","1","1","4.00"
"G1770793595172-240","13821","205.67","391.88","-6.4689","0.4116","9.1170","20.00","397.00","447.00","1","1","0.00","770.00","342.00","392.00","1","1","8.00"
"G1770793595172-240","13936","160.39","394.76","-6.4689","0.4116","9.1273","20.00","397.00","447.00","1","1","0.00","770.00","342.00","392.00","1","1","0.00"
"G1770793595172-240","14037","121.58","397.23","-6.4689","0.4116","9.1360","20.00","397.00","447.00","1","1","0.00","770.00","346.00","396.00","1","1","4.00"
"G1770793595172-240","14137","82.77","399.70","-6.4689","0.4116","9.1448","20.00","397.00","447.00","1","1","0.00","770.00","346.00","396.00","1","1","0.00"
"G1770793595172-240","14237","43.95","402.17","-6.4689","0.4116","9.1536","20.00","397.00","447.00","1","1","0.00","770.00","354.00","404.00","1","1","8.00"
"G1770793595172-240","14337","70.34","395.75","6.4689","-1.3653","9.6205","20.00","397.00","447.00","1","1","0.00","770.00","354.00","404.00","1","1","0.00"
"G1770793595172-240","14453","115.63","386.19","6.4689","-1.3653","9.6313","20.00","397.00","447.00","1","1","0.00","770.00","342.00","392.00","1","1","12.00"
"G1770793595172-240","14554","154.44","378.00","6.4689","-1.3653","9.6405","20.00","397.00","447.00","1","1","0.00","770.00","334.00","384.00","1","1","8.00"
"G1770793595172-240","14671","199.72","368.44","6.4689","-1.3653","9.6513","20.00","397.00","447.00","1","1","0.00","770.00","330.00","380.00","1","1","4.00"
"G1770793595172-240","14771","238.54","360.25","6.4689","-1.3653","9.6606","20.00","397.00","447.00","1","1","0.00","770.00","310.00","360.00","1","1","20.00"
"G1770793595172-240","14871","277.35","352.06","6.4689","-1.3653","9.6699","20.00","383.00","433.00","1","1","14.00","770.00","306.00","356.00","1","1","4.00"
"G1770793595172-240","14986","322.63","342.50","6.4689","-1.3653","9.6807","20.00","334.00","384.00","1","1","49.00","770.00","302.00","352.00","1","1","4.00"
"G1770793595172-240","15087","361.44","334.31","6.4689","-1.3653","9.6900","20.00","292.00","342.00","1","1","42.00","770.00","294.00","344.00","1","1","8.00"
"G1770793595172-240","15187","400.26","326.12","6.4689","-1.3653","9.6993","20.00","250.00","300.00","1","1","42.00","770.00","286.00","336.00","1","1","8.00"
"G1770793595172-240","15287","439.07","317.93","6.4689","-1.3653","9.7086","20.00","208.00","258.00","1","1","42.00","770.00","282.00","332.00","1","1","4.00"
"G1770793595172-240","15387","477.88","309.73","6.4689","-1.3653","9.7179","20.00","166.00","216.00","1","1","42.00","770.00","270.00","320.00","1","1","12.00"
"G1770793595172-240","15487","516.70","301.54","6.4689","-1.3653","9.7273","20.00","138.00","188.00","1","1","28.00","770.00","262.00","312.00","1","1","8.00"
"G1770793595172-240","15603","561.98","291.99","6.4689","-1.3653","9.7382","20.00","138.00","188.00","1","1","0.00","770.00","254.00","304.00","1","1","8.00"
"G1770793595172-240","15704","600.79","283.79","6.4689","-1.3653","9.7475","20.00","138.00","188.00","1","1","0.00","770.00","246.00","296.00","1","1","8.00"
"G1770793595172-240","15804","639.61","275.60","6.4689","-1.3653","9.7569","20.00","138.00","188.00","1","1","0.00","770.00","234.00","284.00","1","1","12.00"
"G1770793595172-240","15904","678.42","267.41","6.4689","-1.3653","9.7663","20.00","138.00","188.00","1","1","0.00","770.00","222.00","272.00","1","1","12.00"
"G1770793595172-240","16004","717.23","259.22","6.4689","-1.3653","9.7756","20.00","138.00","188.00","1","1","0.00","770.00","218.00","268.00","1","1","4.00"
"G1770793595172-240","16104","756.05","251.03","6.4689","-1.3653","9.7850","20.00","138.00","188.00","1","1","0.00","770.00","202.00","252.00","1","1","16.00"
"G1770793595172-240","16204","729.66","242.37","-6.4689","-1.4589","10.2842","20.00","138.00","188.00","1","1","0.00","770.00","194.00","244.00","1","1","8.00"
"G1770793595172-240","16304","690.84","233.61","-6.4689","-1.4589","10.2940","20.00","138.00","188.00","1","1","0.00","770.00","190.00","240.00","1","1","4.00"
"G1770793595172-240","16404","652.03","224.86","-6.4689","-1.4589","10.3039","20.00","138.00","188.00","1","1","0.00","770.00","186.00","236.00","1","1","4.00"
"G1770793595172-240","16504","613.22","216.10","-6.4689","-1.4589","10.3138","20.00","138.00","188.00","1","1","0.00","770.00","174.00","224.00","1","1","12.00"
"G1770793595172-240","16604","574.40","207.35","-6.4689","-1.4589","10.3237","20.00","138.00","188.00","1","1","0.00","770.00","166.00","216.00","1","1","8.00"
"G1770793595172-240","16721","529.12","197.14","-6.4689","-1.4589","10.3353","20.00","103.00","153.00","1","1","35.00","770.00","162.00","212.00","1","1","4.00"
"G1770793595172-240","16821","490.31","188.39","-6.4689","-1.4589","10.3452","20.00","61.00","111.00","1","1","42.00","770.00","150.00","200.00","1","1","12.00"
"G1770793595172-240","16936","445.02","178.17","-6.4689","-1.4589","10.3568","20.00","54.00","104.00","1","1","7.00","770.00","134.00","184.00","1","1","16.00"
"G1770793595172-240","17037","406.21","169.42","-6.4689","-1.4589","10.3667","20.00","54.00","104.00","1","1","0.00","770.00","122.00","172.00","1","1","12.00"
"G1770793595172-240","17154","360.93","159.21","-6.4689","-1.4589","10.3784","20.00","54.00","104.00","1","1","0.00","770.00","122.00","172.00","1","1","0.00"
"G1770793595172-240","17270","315.65","148.99","-6.4689","-1.4589","10.3900","20.00","54.00","104.00","1","1","0.00","770.00","106.00","156.00","1","1","16.00"
"G1770793595172-240","17370","276.83","140.24","-6.4689","-1.4589","10.4000","20.00","54.00","104.00","1","1","0.00","770.00","102.00","152.00","1","1","4.00"
"G1770793595172-240","17471","238.02","131.49","-6.4689","-1.4589","10.4100","20.00","33.00","83.00","1","1","21.00","770.00","94.00","144.00","1","1","8.00"
"G1770793595172-240","17571","199.21","122.73","-6.4689","-1.4589","10.4200","20.00","12.00","62.00","1","1","21.00","770.00","82.00","132.00","1","1","12.00"
"G1770793595172-240","17687","153.92","112.52","-6.4689","-1.4589","10.4316","20.00","12.00","62.00","1","1","0.00","770.00","70.00","120.00","1","1","12.00"
"G1770793595172-240","17787","115.11","103.77","-6.4689","-1.4589","10.4417","20.00","12.00","62.00","1","1","0.00","770.00","62.00","112.00","1","1","8.00"
"G1770793595172-240","17887","76.30","95.01","-6.4689","-1.4589","10.4517","20.00","12.00","62.00","1","1","0.00","770.00","54.00","104.00","1","1","8.00"
"G1770793595172-240","17987","38.00","86.26","6.4689","-0.4885","10.9848","20.00","12.00","62.00","1","1","0.00","770.00","46.00","96.00","1","1","8.00"
"G1770793595172-240","18087","76.81","83.33","6.4689","-0.4885","10.9954","20.00","12.00","62.00","1","1","0.00","770.00","38.00","88.00","1","1","8.00"
"G1770793595172-240","18187","115.63","80.40","6.4689","-0.4885","11.0059","20.00","12.00","62.00","1","1","0.00","770.00","34.00","84.00","1","1","4.00"
"G1770793595172-240","18303","160.91","76.98","6.4689","-0.4885","11.0182","20.00","12.00","62.00","1","1","0.00","770.00","30.00","80.00","1","1","4.00"
"G1770793595172-240","18404","199.72","74.05","6.4689","-0.4885","11.0288","20.00","12.00","62.00","1","1","0.00","770.00","26.00","76.00","1","1","4.00"
"G1770793595172-240","18504","238.54","71.12","6.4689","-0.4885","11.0394","20.00","12.00","62.00","1","1","0.00","770.00","18.00","68.00","1","1","8.00"
"G1770793595172-240","18621","283.82","67.70","6.4689","-0.4885","11.0518","20.00","12.00","62.00","1","1","0.00","770.00","18.00","68.00","1","1","0.00"
"G1770793595172-240","18737","329.10","64.28","6.4689","-0.4885","11.0642","20.00","12.00","62.00","1","1","0.00","770.00","18.00","68.00","1","1","0.00"
"G1770793595172-240","18837","367.91","61.35","6.4689","-0.4885","11.0748","20.00","12.00","62.00","1","1","0.00","770.00","18.00","68.00","1","1","0.00"
"G1770793595172-240","18937","406.73","58.42","6.4689","-0.4885","11.0854","20.00","12.00","62.00","1","1","0.00","770.00","14.00","64.00","1","1","4.00"
"G1770793595172-240","19037","445.54","55.48","6.4689","-0.4885","11.0961","20.00","12.00","62.00","1","1","0.00","770.00","14.00","64.00","1","1","0.00"
"G1770793595172-240","19138","484.35","52.55","6.4689","-0.4885","11.1067","20.00","12.00","62.00","1","1","0.00","770.00","6.00","56.00","1","1","8.00"
"G1770793595172-240","19254","529.64","49.13","6.4689","-0.4885","11.1192","20.00","12.00","62.00","1","1","0.00","770.00","0.00","50.00","1","1","6.00"
"G1770793595172-240","19371","574.92","45.71","6.4689","-0.4885","11.1316","20.00","12.00","62.00","1","1","0.00","770.00","0.00","50.00","1","1","0.00"
"G1770793595172-240","19471","613.73","42.78","6.4689","-0.4885","11.1423","20.00","12.00","62.00","1","1","0.00","770.00","0.00","50.00","1","1","0.00"
"G1770793595172-240","19571","652.55","39.85","6.4689","-0.4885","11.1530","20.00","12.00","62.00","1","1","0.00","770.00","0.00","50.00","1","1","0.00"
"G1770793595172-240","19688","697.83","36.43","6.4689","-0.4885","11.1655","20.00","12.00","62.00","1","1","0.00","770.00","0.00","50.00","1","1","0.00"
"G1770793595172-240","19804","743.11","33.01","6.4689","-0.4885","11.1780","20.00","12.00","62.00","1","1","0.00","770.00","0.00","50.00","1","1","0.00"
"G1770793595172-240","19904","742.59","27.87","-6.4689","-1.2266","11.7482","20.00","12.00","62.00","1","1","0.00","770.00","0.00","50.00","1","1","0.00"
"G1770793595172-240","20004","703.78","20.51","-6.4689","-1.2266","11.7595","20.00","12.00","62.00","1","1","0.00","770.00","0.00","50.00","1","1","0.00"
"G1770793595172-240","20104","664.97","13.15","-6.4689","-1.2266","11.7708","20.00","12.00","62.00","1","1","0.00","770.00","0.00","50.00","1","1","0.00"
"G1770793595172-240","20204","626.15","9.23","-6.4689","1.2266","11.7821","20.00","12.00","62.00","1","1","0.00","770.00","0.00","50.00","1","1","0.00"
"G1770793595172-240","20304","587.34","16.59","-6.4689","1.2266","11.7934","20.00","12.00","62.00","1","1","0.00","770.00","0.00","50.00","1","1","0.00"
"G1770793595172-240","20421","542.06","25.17","-6.4689","1.2266","11.8066","20.00","12.00","62.00","1","1","0.00","770.00","0.00","50.00","1","1","0.00"
"G1770793595172-240","20521","503.24","32.53","-6.4689","1.2266","11.8180","20.00","12.00","62.00","1","1","0.00","770.00","0.00","50.00","1","1","0.00"
"G1770793595172-240","20621","464.43","39.89","-6.4689","1.2266","11.8293","20.00","12.00","62.00","1","1","0.00","770.00","0.00","50.00","1","1","0.00"
"G1770793595172-240","20721","425.62","47.25","-6.4689","1.2266","11.8407","20.00","12.00","62.00","1","1","0.00","770.00","0.00","50.00","1","1","0.00"
"G1770793595172-240","20837","380.34","55.84","-6.4689","1.2266","11.8539","20.00","12.00","62.00","1","1","0.00","770.00","0.00","50.00","1","1","0.00"
"G1770793595172-240","20938","341.52","63.20","-6.4689","1.2266","11.8653","20.00","12.00","62.00","1","1","0.00","770.00","8.00","58.00","1","1","8.00"
"G1770793595172-240","21053","296.24","71.78","-6.4689","1.2266","11.8786","20.00","12.00","62.00","1","1","0.00","770.00","20.00","70.00","1","1","12.00"
"G1770793595172-240","21154","257.43","79.14","-6.4689","1.2266","11.8900","20.00","54.00","104.00","1","1","42.00","770.00","20.00","70.00","1","1","0.00"
"G1770793595172-240","21254","218.61","86.50","-6.4689","1.2266","11.9015","20.00","54.00","104.00","1","1","0.00","770.00","32.00","82.00","1","1","12.00"
"G1770793595172-240","21354","179.80","93.86","-6.4689","1.2266","11.9129","20.00","54.00","104.00","1","1","0.00","770.00","36.00","86.00","1","1","4.00"
"G1770793595172-240","21454","140.99","101.22","-6.4689","1.2266","11.9243","20.00","54.00","104.00","1","1","0.00","770.00","40.00","90.00","1","1","4.00"
"G1770793595172-240","21554","102.17","108.58","-6.4689","1.2266","11.9358","20.00","54.00","104.00","1","1","0.00","770.00","44.00","94.00","1","1","4.00"
"G1770793595172-240","21654","63.36","115.94","-6.4689","1.2266","11.9472","20.00","54.00","104.00","1","1","0.00","770.00","60.00","110.00","1","1","16.00"
"G1770793595172-240","21754","50.94","124.65","6.4689","1.9005","12.5566","20.00","54.00","104.00","1","1","0.00","770.00","68.00","118.00","1","1","8.00"
"G1770793595172-240","21870","96.22","137.95","6.4689","1.9005","12.5707","20.00","54.00","104.00","1","1","0.00","770.00","72.00","122.00","1","1","4.00"
"G1770793595172-240","21970","135.03","149.35","6.4689","1.9005","12.5828","20.00","54.00","104.00","1","1","0.00","770.00","84.00","134.00","1","1","12.00"
"G1770793595172-240","22071","173.85","160.76","6.4689","1.9005","12.5949","20.00","54.00","104.00","1","1","0.00","770.00","96.00","146.00","1","1","12.00"
"G1770793595172-240","22171","212.66","172.16","6.4689","1.9005","12.6070","20.00","54.00","104.00","1","1","0.00","770.00","108.00","158.00","1","1","12.00"
"G1770793595172-240","22288","257.94","185.46","6.4689","1.9005","12.6211","20.00","54.00","104.00","1","1","0.00","770.00","120.00","170.00","1","1","12.00"
"G1770793595172-240","22404","303.22","198.77","6.4689","1.9005","12.6352","20.00","54.00","104.00","1","1","0.00","770.00","140.00","190.00","1","1","20.00"
"G1770793595172-240","22521","348.51","212.07","6.4689","1.9005","12.6494","20.00","54.00","104.00","1","1","0.00","770.00","152.00","202.00","1","1","12.00"
"G1770793595172-240","22621","387.32","223.47","6.4689","1.9005","12.6615","20.00","82.00","132.00","1","1","28.00","770.00","164.00","214.00","1","1","12.00"
"G1770793595172-240","22721","426.13","234.87","6.4689","1.9005","12.6737","20.00","124.00","174.00","1","1","42.00","770.00","172.00","222.00","1","1","8.00"
"G1770793595172-240","22821","464.95","246.28","6.4689","1.9005","12.6859","20.00","166.00","216.00","1","1","42.00","770.00","180.00","230.00","1","1","8.00"
"G1770793595172-240","22921","503.76","257.68","6.4689","1.9005","12.6981","20.00","208.00","258.00","1","1","42.00","770.00","196.00","246.00","1","1","16.00"
"G1770793595172-240","23021","542.57","269.08","6.4689","1.9005","12.7103","20.00","243.00","293.00","1","1","35.00","770.00","208.00","258.00","1","1","12.00"
"G1770793595172-240","23121","581.39","280.49","6.4689","1.9005","12.7225","20.00","243.00","293.00","1","1","0.00","770.00","212.00","262.00","1","1","4.00"
"G1770793595172-240","23221","620.20","291.89","6.4689","1.9005","12.7347","20.00","243.00","293.00","1","1","0.00","770.00","228.00","278.00","1","1","16.00"
"G1770793595172-240","23321","659.01","303.29","6.4689","1.9005","12.7469","20.00","243.00","293.00","1","1","0.00","770.00","236.00","286.00","1","1","8.00"
"G1770793595172-240","23437","704.30","316.59","6.4689","1.9005","12.7612","20.00","243.00","293.00","1","1","0.00","770.00","248.00","298.00","1","1","12.00"
"G1770793595172-240","23537","743.11","328.00","6.4689","1.9005","12.7735","20.00","243.00","293.00","1","1","0.00","770.00","260.00","310.00","1","1","12.00"
"G1770793595172-240","23637","742.59","341.28","-6.4689","2.5284","13.4250","20.00","264.00","314.00","1","1","21.00","770.00","276.00","326.00","1","1","16.00"
"G1770793595172-240","23737","703.78","356.45","-6.4689","2.5284","13.4379","20.00","292.00","342.00","1","1","28.00","770.00","292.00","342.00","1","1","16.00"
"G1770793595172-240","23837","664.97","371.63","-6.4689","2.5284","13.4508","20.00","292.00","342.00","1","1","0.00","770.00","300.00","350.00","1","1","8.00"
"G1770793595172-240","23937","626.15","386.80","-6.4689","2.5284","13.4637","20.00","292.00","342.00","1","1","0.00","770.00","316.00","366.00","1","1","16.00"
"G1770793595172-240","24037","587.34","401.97","-6.4689","2.5284","13.4767","20.00","292.00","342.00","1","1","0.00","770.00","336.00","386.00","1","1","20.00"
"G1770793595172-240","24137","548.53","417.14","-6.4689","2.5284","13.4896","20.00","320.00","370.00","1","1","28.00","770.00","348.00","398.00","1","1","12.00"
"G1770793595172-240","24237","509.71","432.31","-6.4689","2.5284","13.5025","20.00","362.00","412.00","1","1","42.00","770.00","364.00","414.00","1","1","16.00"
"G1770793595172-240","24338","470.90","447.48","-6.4689","2.5284","13.5155","20.00","404.00","454.00","1","1","42.00","770.00","384.00","434.00","1","1","20.00"
"G1770793595172-240","24454","425.62","465.18","-6.4689","2.5284","13.5307","20.00","453.00","503.00","1","1","49.00","770.00","408.00","458.00","1","1","24.00"
"G1770793595172-240","24554","386.80","480.35","-6.4689","2.5284","13.5437","20.00","495.00","545.00","1","1","42.00","770.00","420.00","470.00","1","1","12.00"
"G1770793595172-240","24670","341.52","498.05","-6.4689","2.5284","13.5588","20.00","500.00","550.00","1","1","5.00","770.00","440.00","490.00","1","1","20.00"
"G1770793595172-240","24771","302.71","513.22","-6.4689","2.5284","13.5719","20.00","500.00","550.00","1","1","0.00","770.00","448.00","498.00","1","1","8.00"
"G1770793595172-240","24871","263.89","528.39","-6.4689","2.5284","13.5849","20.00","500.00","550.00","1","1","0.00","770.00","456.00","506.00","1","1","8.00"
"G1770793595172-240","24987","218.61","546.09","-6.4689","2.5284","13.6001","20.00","500.00","550.00","1","1","0.00","770.00","472.00","522.00","1","1","16.00"
"G1770793595172-240","25087","179.80","561.26","-6.4689","2.5284","13.6132","20.00","500.00","550.00","1","1","0.00","770.00","480.00","530.00","1","1","8.00"
"G1770793595172-240","25187","140.99","576.43","-6.4689","2.5284","13.6262","20.00","500.00","550.00","1","1","0.00","770.00","496.00","546.00","1","1","16.00"
"G1770793595172-240","25287","102.17","591.60","-6.4689","2.5284","13.6393","20.00","500.00","550.00","1","1","0.00","770.00","500.00","550.00","1","1","4.00"
"G1770793595172-240","25387","63.36","579.36","-6.4689","-2.5284","13.6524","20.00","500.00","550.00","1","1","0.00","770.00","500.00","550.00","1","1","0.00"
"G1770793595172-240","25487","50.94","565.73","6.4689","-1.7587","14.3488","20.00","500.00","550.00","1","1","0.00","770.00","500.00","550.00","1","1","0.00"
"G1770793595172-240","25587","89.75","555.18","6.4689","-1.7587","14.3626","20.00","500.00","550.00","1","1","0.00","770.00","500.00","550.00","1","1","0.00"
"G1770793595172-240","25688","128.56","544.62","6.4689","-1.7587","14.3764","20.00","500.00","550.00","1","1","0.00","770.00","496.00","546.00","1","1","4.00"
"G1770793595172-240","25788","167.38","534.07","6.4689","-1.7587","14.3902","20.00","500.00","550.00","1","1","0.00","770.00","488.00","538.00","1","1","8.00"
"G1770793595172-240","25888","206.19","523.52","6.4689","-1.7587","14.4040","20.00","500.00","550.00","1","1","0.00","770.00","488.00","538.00","1","1","0.00"
"G1770793595172-240","26004","251.47","511.21","6.4689","-1.7587","14.4202","20.00","472.00","522.00","1","1","28.00","770.00","476.00","526.00","1","1","12.00"
"G1770793595172-240","26104","290.29","500.66","6.4689","-1.7587","14.4340","20.00","430.00","480.00","1","1","42.00","770.00","472.00","522.00","1","1","4.00"
"G1770793595172-240","26204","329.10","490.10","6.4689","-1.7587","14.4479","20.00","388.00","438.00","1","1","42.00","770.00","456.00","506.00","1","1","16.00"
"G1770793595172-240","26304","367.91","479.55","6.4689","-1.7587","14.4617","20.00","346.00","396.00","1","1","42.00","770.00","444.00","494.00","1","1","12.00"
"G1770793595172-240","26404","406.73","469.00","6.4689","-1.7587","14.4756","20.00","346.00","396.00","1","1","0.00","770.00","428.00","478.00","1","1","16.00"
"G1770793595172-240","26521","452.01","456.69","6.4689","-1.7587","14.4919","20.00","346.00","396.00","1","1","0.00","770.00","420.00","470.00","1","1","8.00"
"G1770793595172-240","26621","490.82","446.14","6.4689","-1.7587","14.5058","20.00","346.00","396.00","1","1","0.00","770.00","408.00","458.00","1","1","12.00"
"G1770793595172-240","26721","529.64","435.59","6.4689","-1.7587","14.5197","20.00","318.00","368.00","1","1","28.00","770.00","396.00","446.00","1","1","12.00"
"G1770793595172-240","26837","574.92","423.28","6.4689","-1.7587","14.5360","20.00","269.00","319.00","1","1","49.00","770.00","384.00","434.00","1","1","12.00"
"G1770793595172-240","26938","613.73","412.72","6.4689","-1.7587","14.5499","20.00","227.00","277.00","1","1","42.00","770.00","372.00","422.00","1","1","12.00"
"G1770793595172-240","27054","659.01","400.41","6.4689","-1.7587","14.5662","20.00","227.00","277.00","1","1","0.00","770.00","364.00","414.00","1","1","8.00"
"G1770793595172-240","27154","697.83","389.86","6.4689","-1.7587","14.5802","20.00","227.00","277.00","1","1","0.00","770.00","356.00","406.00","1","1","8.00"
"G1770793595172-240","27271","743.11","377.55","6.4689","-1.7587","14.5966","20.00","227.00","277.00","1","1","0.00","770.00","344.00","394.00","1","1","12.00"
"G1770793595172-240","27371","742.59","365.35","-6.4689","-2.3076","15.3411","20.00","227.00","277.00","1","1","0.00","770.00","324.00","374.00","1","1","20.00"
"G1770793595172-240","27487","697.31","349.20","-6.4689","-2.3076","15.3583","20.00","178.00","228.00","1","1","49.00","770.00","312.00","362.00","1","1","12.00"
"G1770793595172-240","27587","658.50","335.35","-6.4689","-2.3076","15.3731","20.00","136.00","186.00","1","1","42.00","770.00","296.00","346.00","1","1","16.00"
"G1770793595172-240","27687","619.68","321.51","-6.4689","-2.3076","15.3878","20.00","101.00","151.00","1","1","35.00","770.00","280.00","330.00","1","1","16.00"
"G1770793595172-240","27787","580.87","307.66","-6.4689","-2.3076","15.4026","20.00","101.00","151.00","1","1","0.00","770.00","268.00","318.00","1","1","12.00"
"G1770793595172-240","27888","542.06","293.82","-6.4689","-2.3076","15.4174","20.00","101.00","151.00","1","1","0.00","770.00","256.00","306.00","1","1","12.00"
"G1770793595172-240","27988","503.24","279.97","-6.4689","-2.3076","15.4322","20.00","101.00","151.00","1","1","0.00","770.00","248.00","298.00","1","1","8.00"
"G1770793595172-240","28104","457.96","263.82","-6.4689","-2.3076","15.4495","20.00","101.00","151.00","1","1","0.00","770.00","232.00","282.00","1","1","16.00"
"G1770793595172-240","28204","419.15","249.97","-6.4689","-2.3076","15.4643","20.00","101.00","151.00","1","1","0.00","770.00","220.00","270.00","1","1","12.00"
"G1770793595172-240","28321","373.87","233.82","-6.4689","-2.3076","15.4817","20.00","101.00","151.00","1","1","0.00","770.00","196.00","246.00","1","1","24.00"
"G1770793595172-240","28421","335.05","219.97","-6.4689","-2.3076","15.4965","20.00","101.00","151.00","1","1","0.00","770.00","184.00","234.00","1","1","12.00"
"G1770793595172-240","28521","296.24","206.13","-6.4689","-2.3076","15.5114","20.00","101.00","151.00","1","1","0.00","770.00","168.00","218.00","1","1","16.00"
"G1770793595172-240","28637","250.96","189.97","-6.4689","-2.3076","15.5288","20.00","101.00","151.00","1","1","0.00","770.00","152.00","202.00","1","1","16.00"
"G1770793595172-240","28737","212.14","176.13","-6.4689","-2.3076","15.5437","20.00","101.00","151.00","1","1","0.00","770.00","140.00","190.00","1","1","12.00"
"G1770793595172-240","28837","173.33","162.28","-6.4689","-2.3076","15.5586","20.00","73.00","123.00","1","1","28.00","770.00","124.00","174.00","1","1","16.00"
"G1770793595172-240","28937","134.52","148.43","-6.4689","-2.3076","15.5736","20.00","59.00","109.00","1","1","14.00","770.00","112.00","162.00","1","1","12.00"
"G1770793595172-240","29038","95.70","134.59","-6.4689","-2.3076","15.5885","20.00","59.00","109.00","1","1","0.00","770.00","104.00","154.00","1","1","8.00"
"G1770793595172-240","29153","50.42","118.43","-6.4689","-2.3076","15.6060","20.00","59.00","109.00","1","1","0.00","770.00","84.00","134.00","1","1","20.00"
"G1770793595172-240","29253","63.88","105.36","6.4689","-2.1149","16.4020","20.00","59.00","109.00","1","1","0.00","770.00","76.00","126.00","1","1","8.00"
"G1770793595172-240","29354","102.69","92.67","6.4689","-2.1149","16.4178","20.00","59.00","109.00","1","1","0.00","770.00","60.00","110.00","1","1","16.00"
"G1770793595172-240","29454","141.50","79.98","6.4689","-2.1149","16.4335","20.00","59.00","109.00","1","1","0.00","770.00","52.00","102.00","1","1","8.00"
"G1770793595172-240","29554","180.32","67.29","6.4689","-2.1149","16.4493","20.00","59.00","109.00","1","1","0.00","770.00","36.00","86.00","1","1","16.00"
"G1770793595172-240","29654","219.13","54.60","6.4689","-2.1149","16.4651","20.00","59.00","109.00","1","1","0.00","770.00","24.00","74.00","1","1","12.00"
"G1770793595172-240","29770","264.41","39.80","6.4689","-2.1149","16.4836","20.00","59.00","109.00","1","1","0.00","770.00","8.00","58.00","1","1","16.00"
"G1770793595172-240","29871","303.22","27.11","6.4689","-2.1149","16.4994","20.00","59.00","109.00","1","1","0.00","770.00","0.00","50.00","1","1","8.00"
"G1770793595172-240","29971","342.04","14.42","6.4689","-2.1149","16.5153","20.00","59.00","109.00","1","1","0.00","770.00","0.00","50.00","1","1","0.00"
"G1770793595172-240","30071","380.85","12.23","6.4689","2.1149","16.5311","20.00","59.00","109.00","1","1","0.00","770.00","0.00","50.00","1","1","0.00"
"G1770793595172-240","30187","426.13","27.03","6.4689","2.1149","16.5496","20.00","59.00","109.00","1","1","0.00","770.00","0.00","50.00","1","1","0.00"
"G1770793595172-240","30288","464.95","39.72","6.4689","2.1149","16.5655","20.00","59.00","109.00","1","1","0.00","770.00","0.00","50.00","1","1","0.00"
"G1770793595172-240","30404","510.23","54.53","6.4689","2.1149","16.5841","20.00","59.00","109.00","1","1","0.00","770.00","0.00","50.00","1","1","0.00"
"G1770793595172-240","30504","549.04","67.22","6.4689","2.1149","16.6000","20.00","59.00","109.00","1","1","0.00","770.00","4.00","54.00","1","1","4.00"
"G1770793595172-240","30604","587.86","79.91","6.4689","2.1149","16.6160","20.00","59.00","109.00","1","1","0.00","770.00","20.00","70.00","1","1","16.00"
"G1770793595172-240","30721","633.14","94.71","6.4689","2.1149","16.6346","20.00","59.00","109.00","1","1","0.00","770.00","36.00","86.00","1","1","16.00"
"G1770793595172-240","30821","671.95","107.40","6.4689","2.1149","16.6506","20.00","59.00","109.00","1","1","0.00","770.00","44.00","94.00","1","1","8.00"
"G1770793595172-240","30921","710.77","120.09","6.4689","2.1149","16.6666","20.00","59.00","109.00","1","1","0.00","770.00","56.00","106.00","1","1","12.00"
"G1770793595172-240","31021","749.58","132.78","6.4689","2.1149","16.6826","20.00","59.00","109.00","1","1","0.00","770.00","60.00","110.00","1","1","4.00"
"G1770793595172-240","31121","736.12","149.15","-6.4689","3.0351","17.5335","20.00","101.00","151.00","1","1","42.00","770.00","76.00","126.00","1","1","16.00"
"G1770793595172-240","31221","697.31","167.36","-6.4689","3.0351","17.5503","20.00","143.00","193.00","1","1","42.00","770.00","92.00","142.00","1","1","16.00"
"G1770793595172-240","31337","652.03","188.60","-6.4689","3.0351","17.5700","20.00","192.00","242.00","1","1","49.00","770.00","112.00","162.00","1","1","20.00"
"G1770793595172-240","31454","606.75","209.85","-6.4689","3.0351","17.5897","20.00","199.00","249.00","1","1","7.00","770.00","140.00","190.00","1","1","28.00"
"G1770793595172-240","31571","561.46","231.10","-6.4689","3.0351","17.6094","20.00","199.00","249.00","1","1","0.00","770.00","164.00","214.00","1","1","24.00"
"G1770793595172-240","31671","522.65","249.31","-6.4689","3.0351","17.6263","20.00","213.00","263.00","1","1","14.00","770.00","180.00","230.00","1","1","16.00"
"G1770793595172-240","31771","483.84","267.52","-6.4689","3.0351","17.6433","20.00","255.00","305.00","1","1","42.00","770.00","196.00","246.00","1","1","16.00"
"G1770793595172-240","31871","445.02","285.73","-6.4689","3.0351","17.6602","20.00","297.00","347.00","1","1","42.00","770.00","212.00","262.00","1","1","16.00"
"G1770793595172-240","31971","406.21","303.94","-6.4689","3.0351","17.6772","20.00","332.00","382.00","1","1","35.00","770.00","232.00","282.00","1","1","20.00"
"G1770793595172-240","32088","360.93","325.18","-6.4689","3.0351","17.6970","20.00","332.00","382.00","1","1","0.00","770.00","252.00","302.00","1","1","20.00"
"G1770793595172-240","32203","315.65","346.43","-6.4689","3.0351","17.7168","20.00","332.00","382.00","1","1","0.00","770.00","272.00","322.00","1","1","20.00"
"G1770793595172-240","32303","276.83","364.64","-6.4689","3.0351","17.7338","20.00","332.00","382.00","1","1","0.00","770.00","288.00","338.00","1","1","16.00"
"G1770793595172-240","32404","238.02","382.85","-6.4689","3.0351","17.7508","20.00","374.00","424.00","1","1","42.00","770.00","308.00","358.00","1","1","20.00"
"G1770793595172-240","32504","199.21","401.06","-6.4689","3.0351","17.7679","20.00","395.00","445.00","1","1","21.00","770.00","324.00","374.00","1","1","16.00"
"G1770793595172-240","32604","160.39","419.27","-6.4689","3.0351","17.7850","20.00","395.00","445.00","1","1","0.00","770.00","344.00","394.00","1","1","20.00"
"G1770793595172-240","32704","121.58","437.48","-6.4689","3.0351","17.8020","20.00","395.00","445.00","1","1","0.00","770.00","360.00","410.00","1","1","16.00"
"G1770793595172-240","32804","82.77","455.69","-6.4689","3.0351","17.8191","20.00","402.00","452.00","1","1","7.00","770.00","376.00","426.00","1","1","16.00"
"G1770793595172-240","32921","38.00","476.94","6.4689","2.0727","18.7311","20.00","451.00","501.00","1","1","49.00","770.00","400.00","450.00","1","1","24.00"
"G1770793595172-240","33037","83.28","491.45","6.4689","2.0727","18.7520","20.00","479.00","529.00","1","1","28.00","770.00","420.00","470.00","1","1","20.00"
"G1770793595172-240","33137","122.10","503.88","6.4689","2.0727","18.7700","20.00","479.00","529.00","1","1","0.00","770.00","432.00","482.00","1","1","12.00"
"G1770793595172-240","33237","160.91","516.32","6.4689","2.0727","18.7881","20.00","479.00","529.00","1","1","0.00","770.00","448.00","498.00","1","1","16.00"
"G1770793595172-240","33337","199.72","528.76","6.4689","2.0727","18.8061","20.00","479.00","529.00","1","1","0.00","770.00","460.00","510.00","1","1","12.00"
"G1770793595172-240","33438","238.54","541.19","6.4689","2.0727","18.8242","20.00","479.00","529.00","1","1","0.00","770.00","472.00","522.00","1","1","12.00"
"G1770793595172-240","33554","283.82","555.70","6.4689","2.0727","18.8453","20.00","479.00","529.00","1","1","0.00","770.00","488.00","538.00","1","1","16.00"
"G1770793595172-240","33654","322.63","568.14","6.4689","2.0727","18.8634","20.00","479.00","529.00","1","1","0.00","770.00","492.00","542.00","1","1","4.00"
"G1770793595172-240","33771","367.91","582.65","6.4689","2.0727","18.8845","20.00","479.00","529.00","1","1","0.00","770.00","500.00","550.00","1","1","8.00"
"G1770793595172-240","33887","413.20","587.85","6.4689","-2.0727","18.9057","20.00","479.00","529.00","1","1","0.00","770.00","500.00","550.00","1","1","0.00"
"G1770793595172-240","33987","452.01","575.42","6.4689","-2.0727","18.9238","20.00","479.00","529.00","1","1","0.00","770.00","500.00","550.00","1","1","0.00"
"G1770793595172-240","34088","490.82","562.98","6.4689","-2.0727","18.9420","20.00","479.00","529.00","1","1","0.00","770.00","500.00","550.00","1","1","0.00"
"G1770793595172-240","34203","536.11","548.47","6.4689","-2.0727","18.9632","20.00","479.00","529.00","1","1","0.00","770.00","496.00","546.00","1","1","4.00"
"G1770793595172-240","34304","574.92","536.04","6.4689","-2.0727","18.9814","20.00","479.00","529.00","1","1","0.00","770.00","496.00","546.00","1","1","0.00"
"G1770793595172-240","34404","613.73","523.60","6.4689","-2.0727","18.9997","20.00","479.00","529.00","1","1","0.00","770.00","488.00","538.00","1","1","8.00"
"G1770793595172-240","34521","659.01","509.09","6.4689","-2.0727","19.0210","20.00","479.00","529.00","1","1","0.00","770.00","480.00","530.00","1","1","8.00"
"G1770793595172-240","34621","697.83","496.66","6.4689","-2.0727","19.0392","20.00","479.00","529.00","1","1","0.00","770.00","472.00","522.00","1","1","8.00"
"G1770793595172-240","34737","743.11","482.15","6.4689","-2.0727","19.0606","20.00","444.00","494.00","1","1","35.00","770.00","452.00","502.00","1","1","20.00"
"G1770793595172-240","34837","742.59","467.06","-6.4689","-2.9555","20.0096","20.00","402.00","452.00","1","1","42.00","770.00","436.00","486.00","1","1","16.00"
"G1770793595172-240","34937","703.78","449.33","-6.4689","-2.9555","20.0288","20.00","360.00","410.00","1","1","42.00","770.00","428.00","478.00","1","1","8.00"
"G1770793595172-240","35037","664.97","431.60","-6.4689","-2.9555","20.0481","20.00","318.00","368.00","1","1","42.00","770.00","408.00","458.00","1","1","20.00"
"G1770793595172-240","35137","626.15","413.86","-6.4689","-2.9555","20.0673","20.00","276.00","326.00","1","1","42.00","770.00","388.00","438.00","1","1","20.00"
"G1770793595172-240","35237","587.34","396.13","-6.4689","-2.9555","20.0866","20.00","255.00","305.00","1","1","21.00","770.00","364.00","414.00","1","1","24.00"
"G1770793595172-240","35337","548.53","378.40","-6.4689","-2.9555","20.1059","20.00","255.00","305.00","1","1","0.00","770.00","352.00","402.00","1","1","12.00"
"G1770793595172-240","35437","509.71","360.66","-6.4689","-2.9555","20.1252","20.00","255.00","305.00","1","1","0.00","770.00","336.00","386.00","1","1","16.00"
"G1770793595172-240","35538","470.90","342.93","-6.4689","-2.9555","20.1445","20.00","255.00","305.00","1","1","0.00","770.00","324.00","374.00","1","1","12.00"
"G1770793595172-240","35654","425.62","322.24","-6.4689","-2.9555","20.1671","20.00","255.00","305.00","1","1","0.00","770.00","300.00","350.00","1","1","24.00"
"G1770793595172-240","35754","386.80","304.51","-6.4689","-2.9555","20.1864","20.00","213.00","263.00","1","1","42.00","770.00","280.00","330.00","1","1","20.00"
"G1770793595172-240","35854","347.99","286.77","-6.4689","-2.9555","20.2058","20.00","185.00","235.00","1","1","28.00","770.00","264.00","314.00","1","1","16.00"
"G1770793595172-240","35954","309.18","269.04","-6.4689","-2.9555","20.2252","20.00","178.00","228.00","1","1","7.00","770.00","244.00","294.00","1","1","20.00"
"G1770793595172-240","36054","270.36","251.31","-6.4689","-2.9555","20.2447","20.00","136.00","186.00","1","1","42.00","770.00","224.00","274.00","1","1","20.00"
"G1770793595172-240","36154","231.55","233.57","-6.4689","-2.9555","20.2641","20.00","136.00","186.00","1","1","0.00","770.00","208.00","258.00","1","1","16.00"
"G1770793595172-240","36254","192.74","215.84","-6.4689","-2.9555","20.2836","20.00","115.00","165.00","1","1","21.00","770.00","192.00","242.00","1","1","16.00"
"G1770793595172-240","36354","153.92","198.11","-6.4689","-2.9555","20.3030","20.00","94.00","144.00","1","1","21.00","770.00","176.00","226.00","1","1","16.00"
"G1770793595172-240","36471","108.64","177.42","-6.4689","-2.9555","20.3258","20.00","94.00","144.00","1","1","0.00","770.00","148.00","198.00","1","1","28.00"
"G1770793595172-240","36587","63.36","156.73","-6.4689","-2.9555","20.3486","20.00","66.00","116.00","1","1","28.00","770.00","128.00","178.00","1","1","20.00"
"G1770793595172-240","36687","50.94","141.31","6.4689","-1.7992","20.0064","20.00","66.00","116.00","1","1","0.00","770.00","108.00","158.00","1","1","20.00"
"G1770793595172-240","36787","89.75","130.52","6.4689","-1.7992","20.0256","20.00","66.00","116.00","1","1","0.00","770.00","96.00","146.00","1","1","12.00"
"G1770793595172-240","36888","128.56","119.72","6.4689","-1.7992","20.0448","20.00","66.00","116.00","1","1","0.00","770.00","80.00","130.00","1","1","16.00"
"G1770793595172-240","36988","167.38","108.92","6.4689","-1.7992","20.0641","20.00","66.00","116.00","1","1","0.00","770.00","76.00","126.00","1","1","4.00"
"G1770793595172-240","37088","206.19","98.13","6.4689","-1.7992","20.0834","20.00","66.00","116.00","1","1","0.00","770.00","60.00","110.00","1","1","16.00"
"G1770793595172-240","37204","251.47","85.54","6.4689","-1.7992","20.1059","20.00","66.00","116.00","1","1","0.00","770.00","48.00","98.00","1","1","12.00"
"G1770793595172-240","37304","290.29","74.74","6.4689","-1.7992","20.1252","20.00","66.00","116.00","1","1","0.00","770.00","40.00","90.00","1","1","8.00"
"G1770793595172-240","37404","329.10","63.94","6.4689","-1.7992","20.1445","20.00","66.00","116.00","1","1","0.00","770.00","32.00","82.00","1","1","8.00"
"G1770793595172-240","37504","367.91","53.15","6.4689","-1.7992","20.1639","20.00","66.00","116.00","1","1","0.00","770.00","24.00","74.00","1","1","8.00"
"G1770793595172-240","37620","413.20","40.56","6.4689","-1.7992","20.1864","20.00","66.00","116.00","1","1","0.00","770.00","16.00","66.00","1","1","8.00"
"G1770793595172-240","37721","452.01","29.76","6.4689","-1.7992","20.2058","20.00","66.00","116.00","1","1","0.00","770.00","4.00","54.00","1","1","12.00"
"G1770793595172-240","37837","497.29","17.17","6.4689","-1.7992","20.2285","20.00","66.00","116.00","1","1","0.00","770.00","0.00","50.00","1","1","4.00"
"G1770793595172-240","37937","536.11","8.00","6.4689","1.7992","20.2479","20.00","66.00","116.00","1","1","0.00","770.00","0.00","50.00","1","1","0.00"
"G1770793595172-240","38037","574.92","18.80","6.4689","1.7992","20.2673","20.00","66.00","116.00","1","1","0.00","770.00","0.00","50.00","1","1","0.00"
"G1770793595172-240","38138","613.73","29.59","6.4689","1.7992","20.2868","20.00","66.00","116.00","1","1","0.00","770.00","0.00","50.00","1","1","0.00"
"G1770793595172-240","38254","659.01","42.18","6.4689","1.7992","20.3095","20.00","66.00","116.00","1","1","0.00","770.00","0.00","50.00","1","1","0.00"
"G1770793595172-240","38370","704.30","54.78","6.4689","1.7992","20.3323","20.00","66.00","116.00","1","1","0.00","770.00","0.00","50.00","1","1","0.00"
"G1770793595172-240","38471","743.11","65.57","6.4689","1.7992","20.3518","20.00","101.00","151.00","1","1","35.00","770.00","16.00","66.00","1","1","16.00"
"G1770793595172-240","38587","736.12","78.96","-6.4689","1.9981","20.0128","20.00","150.00","200.00","1","1","49.00","770.00","20.00","70.00","1","1","4.00"
"G1770793595172-240","38687","697.31","90.95","-6.4689","1.9981","20.0320","20.00","192.00","242.00","1","1","42.00","770.00","24.00","74.00","1","1","4.00"
"G1770793595172-240","38787","658.50","102.94","-6.4689","1.9981","20.0513","20.00","213.00","263.00","1","1","21.00","770.00","32.00","82.00","1","1","8.00"
"G1770793595172-240","38887","619.68","114.93","-6.4689","1.9981","20.0705","20.00","213.00","263.00","1","1","0.00","770.00","52.00","102.00","1","1","20.00"
"G1770793595172-240","38987","580.87","126.92","-6.4689","1.9981","20.0898","20.00","213.00","263.00","1","1","0.00","770.00","68.00","118.00","1","1","16.00"
"G1770793595172-240","39087","542.06","138.91","-6.4689","1.9981","20.1091","20.00","213.00","263.00","1","1","0.00","770.00","84.00","134.00","1","1","16.00"
"G1770793595172-240","39187","503.24","150.89","-6.4689","1.9981","20.1284","20.00","213.00","263.00","1","1","0.00","770.00","88.00","138.00","1","1","4.00"
"G1770793595172-240","39288","464.43","162.88","-6.4689","1.9981","20.1477","20.00","213.00","263.00","1","1","0.00","770.00","100.00","150.00","1","1","12.00"
"G1770793595172-240","39388","425.62","174.87","-6.4689","1.9981","20.1671","20.00","213.00","263.00","1","1","0.00","770.00","108.00","158.00","1","1","8.00"
"G1770793595172-240","39488","386.80","186.86","-6.4689","1.9981","20.1864","20.00","213.00","263.00","1","1","0.00","770.00","124.00","174.00","1","1","16.00"
"G1770793595172-240","39604","341.52","200.85","-6.4689","1.9981","20.2091","20.00","213.00","263.00","1","1","0.00","770.00","140.00","190.00","1","1","16.00"
"G1770793595172-240","39704","302.71","212.83","-6.4689","1.9981","20.2285","20.00","213.00","263.00","1","1","0.00","770.00","144.00","194.00","1","1","4.00"
"G1770793595172-240","39804","263.89","224.82","-6.4689","1.9981","20.2479","20.00","255.00","305.00","1","1","42.00","770.00","160.00","210.00","1","1","16.00"
"G1770793595172-240","39904","225.08","236.81","-6.4689","1.9981","20.2673","20.00","255.00","305.00","1","1","0.00","770.00","168.00","218.00","1","1","8.00"
"G1770793595172-240","40021","179.80","250.80","-6.4689","1.9981","20.2901","20.00","255.00","305.00","1","1","0.00","770.00","188.00","238.00","1","1","20.00"
"G1770793595172-240","40121","140.99","262.79","-6.4689","1.9981","20.3095","20.00","255.00","305.00","1","1","0.00","770.00","196.00","246.00","1","1","8.00"
"G1770793595172-240","40237","95.70","276.77","-6.4689","1.9981","20.3323","20.00","255.00","305.00","1","1","0.00","770.00","204.00","254.00","1","1","8.00"
"G1770793595172-240","40338","56.89","288.76","-6.4689","1.9981","20.3518","20.00","297.00","347.00","1","1","42.00","770.00","224.00","274.00","1","1","20.00"
"G1770793595172-240","40454","11.61","302.75","-6.4689","1.9981","20.3746","20.00","311.00","361.00","1","1","14.00","770.00","244.00","294.00","1","1","20.00"